{"cameraMode":{"drawMode":0,"name":"Shaded","section":"Shading Mode"},"sceneLighting":false,"audioPlay":false,"sceneViewState":{"m_AlwaysRefresh":false,"showFog":true,"showSkybox":false,"showFlares":true,"showImageEffects":true,"showParticleSystems":true,"showVisualEffectGraphs":true,"m_FxEnabled":true},"in2DMode":false,"pivot":{"x":1.0372095108032227,"y":-10.504765510559082,"z":12.081337928771973},"rotation":{"x":-0.34621351957321169,"y":0.14601419866085053,"z":-0.06444431096315384,"w":-0.9245358109474182},"size":12.12435531616211,"orthographic":false}