{"cameraMode":{"drawMode":0,"name":"Shaded","section":"Shading Mode"},"sceneLighting":false,"audioPlay":false,"sceneViewState":{"m_AlwaysRefresh":false,"showFog":true,"showSkybox":false,"showFlares":true,"showImageEffects":true,"showParticleSystems":true,"showVisualEffectGraphs":true,"m_FxEnabled":true},"in2DMode":false,"pivot":{"x":2.8129663467407228,"y":0.8257077932357788,"z":13.671663284301758},"rotation":{"x":0.000922166567761451,"y":-0.9464555978775024,"z":-0.002844533883035183,"w":-0.32290780544281008},"size":1.6401467323303223,"orthographic":false}