{"cameraMode":{"drawMode":0,"name":"Shaded","section":"Shading Mode"},"sceneLighting":false,"audioPlay":false,"sceneViewState":{"m_AlwaysRefresh":false,"showFog":true,"showSkybox":false,"showFlares":true,"showImageEffects":true,"showParticleSystems":true,"showVisualEffectGraphs":true,"m_FxEnabled":true},"in2DMode":false,"pivot":{"x":4.166159152984619,"y":1.2649428844451905,"z":19.375295639038087},"rotation":{"x":-0.11150825023651123,"y":-0.8099802732467651,"z":0.14601720869541169,"w":-0.5569560527801514},"size":1.2341053485870362,"orthographic":false}