{"cameraMode":{"drawMode":0,"name":"Shaded","section":"Shading Mode"},"sceneLighting":false,"audioPlay":false,"sceneViewState":{"m_AlwaysRefresh":false,"showFog":true,"showSkybox":false,"showFlares":true,"showImageEffects":true,"showParticleSystems":true,"showVisualEffectGraphs":true,"m_FxEnabled":true},"in2DMode":false,"pivot":{"x":-2.0010271072387697,"y":0.3749597370624542,"z":1.020082712173462},"rotation":{"x":0.13430754840373994,"y":0.4638276994228363,"z":-0.07144863903522492,"w":0.8728877305984497},"size":0.6136584877967835,"orthographic":false}