{"cameraMode":{"drawMode":0,"name":"Shaded","section":"Shading Mode"},"sceneLighting":false,"audioPlay":false,"sceneViewState":{"m_AlwaysRefresh":false,"showFog":true,"showSkybox":false,"showFlares":true,"showImageEffects":true,"showParticleSystems":true,"showVisualEffectGraphs":true,"m_FxEnabled":true},"in2DMode":false,"pivot":{"x":0.024966537952423097,"y":0.030033685266971589,"z":0.009891276247799397},"rotation":{"x":-0.04494598135352135,"y":-0.705101728439331,"z":0.04496196284890175,"w":-0.7063717842102051},"size":0.3891882598400116,"orthographic":false}